time,AI
0.1,0.5424212696164319
0.2,0.48876284033972317
0.5,0.829403213421137
0.7,0.9268438020237959
1.5,1.0614872404836564
1.7,0.9936380736920213
2.3,1.1669538017506427
2.6,1.0060967580415001
3,1.048633084112884
4,1.0916076476802306
5,0.9871548673800146
8,0.9379851577132441
10,1.1524494009833497
